column,dtype,missing_count,missing_pct,non_missing_count
Id,int64,0,0.0,1460
MSSubClass,int64,0,0.0,1460
MSZoning,str,0,0.0,1460
LotFrontage,float64,259,17.74,1201
LotArea,int64,0,0.0,1460
Street,str,0,0.0,1460
Alley,str,1369,93.767,91
LotShape,str,0,0.0,1460
LandContour,str,0,0.0,1460
Utilities,str,0,0.0,1460
LotConfig,str,0,0.0,1460
LandSlope,str,0,0.0,1460
Neighborhood,str,0,0.0,1460
Condition1,str,0,0.0,1460
Condition2,str,0,0.0,1460
BldgType,str,0,0.0,1460
HouseStyle,str,0,0.0,1460
OverallQual,int64,0,0.0,1460
OverallCond,int64,0,0.0,1460
YearBuilt,int64,0,0.0,1460
YearRemodAdd,int64,0,0.0,1460
RoofStyle,str,0,0.0,1460
RoofMatl,str,0,0.0,1460
Exterior1st,str,0,0.0,1460
Exterior2nd,str,0,0.0,1460
MasVnrType,str,872,59.726,588
MasVnrArea,float64,8,0.548,1452
ExterQual,str,0,0.0,1460
ExterCond,str,0,0.0,1460
Foundation,str,0,0.0,1460
BsmtQual,str,37,2.534,1423
BsmtCond,str,37,2.534,1423
BsmtExposure,str,38,2.603,1422
BsmtFinType1,str,37,2.534,1423
BsmtFinSF1,int64,0,0.0,1460
BsmtFinType2,str,38,2.603,1422
BsmtFinSF2,int64,0,0.0,1460
BsmtUnfSF,int64,0,0.0,1460
TotalBsmtSF,int64,0,0.0,1460
Heating,str,0,0.0,1460
HeatingQC,str,0,0.0,1460
CentralAir,str,0,0.0,1460
Electrical,str,1,0.068,1459
1stFlrSF,int64,0,0.0,1460
2ndFlrSF,int64,0,0.0,1460
LowQualFinSF,int64,0,0.0,1460
GrLivArea,int64,0,0.0,1460
BsmtFullBath,int64,0,0.0,1460
BsmtHalfBath,int64,0,0.0,1460
FullBath,int64,0,0.0,1460
HalfBath,int64,0,0.0,1460
BedroomAbvGr,int64,0,0.0,1460
KitchenAbvGr,int64,0,0.0,1460
KitchenQual,str,0,0.0,1460
TotRmsAbvGrd,int64,0,0.0,1460
Functional,str,0,0.0,1460
Fireplaces,int64,0,0.0,1460
FireplaceQu,str,690,47.26,770
GarageType,str,81,5.548,1379
GarageYrBlt,float64,81,5.548,1379
GarageFinish,str,81,5.548,1379
GarageCars,int64,0,0.0,1460
GarageArea,int64,0,0.0,1460
GarageQual,str,81,5.548,1379
GarageCond,str,81,5.548,1379
PavedDrive,str,0,0.0,1460
WoodDeckSF,int64,0,0.0,1460
OpenPorchSF,int64,0,0.0,1460
EnclosedPorch,int64,0,0.0,1460
3SsnPorch,int64,0,0.0,1460
ScreenPorch,int64,0,0.0,1460
PoolArea,int64,0,0.0,1460
PoolQC,str,1453,99.521,7
Fence,str,1179,80.753,281
MiscFeature,str,1406,96.301,54
MiscVal,int64,0,0.0,1460
MoSold,int64,0,0.0,1460
YrSold,int64,0,0.0,1460
SaleType,str,0,0.0,1460
SaleCondition,str,0,0.0,1460
SalePrice,int64,0,0.0,1460
